{
  "project_info": {
    "project_number": "944432652128",
    "firebase_url": "https://mylibrary-b5098-default-rtdb.firebaseio.com",
    "project_id": "mylibrary-b5098",
    "storage_bucket": "mylibrary-b5098.appspot.com"
  },
  "client": [
    {
      "client_info": {
        "mobilesdk_app_id": "1:944432652128:android:32cdd52e2e43c10811c805",
        "android_client_info": {
          "package_name": "com.example.mylibrary"
        }
      },
      "oauth_client": [
        {
          "client_id": "944432652128-m88ulmuaqgbtt2ibue1itnl3dcmk91bg.apps.googleusercontent.com",
          "client_type": 3
        }
      ],
      "api_key": [
        {
          "current_key": "AIzaSyD_ydLVu4uPihqVrm_3Bdzyb3YZVWbTOAk"
        }
      ],
      "services": {
        "appinvite_service": {
          "other_platform_oauth_client": [
            {
              "client_id": "944432652128-m88ulmuaqgbtt2ibue1itnl3dcmk91bg.apps.googleusercontent.com",
              "client_type": 3
            }
          ]
        }
      }
    }
  ],
  "configuration_version": "1"
}